category_label,category_primary
accommodation,Accommodation & Lodging
apartment_agent,Real Estate
apartments,Real Estate
beach_resort,Accommodation & Lodging
bed_and_breakfast,Accommodation & Lodging
cabin,Accommodation & Lodging
campground,Accommodation & Lodging
condominium,Accommodation & Lodging
cottage,Accommodation & Lodging
guest_house,Accommodation & Lodging
hostel,Accommodation & Lodging
hotel,Accommodation & Lodging
houseboat,Accommodation & Lodging
housing_authorities,Accommodation & Lodging
inn,Accommodation & Lodging
lodge,Accommodation & Lodging
low_income_housing,Community & Social Services
motel,Accommodation & Lodging
resort,Accommodation & Lodging
rv_park,Accommodation & Lodging
self_catering_accommodation,Accommodation & Lodging
service_apartments,Real Estate
vacation_rental_agents,Accommodation & Lodging
agricultural_service,Agriculture & Farming
agriculture,Agriculture & Farming
agriculture_association,Agriculture & Farming
apiaries_and_beekeepers,Agriculture & Farming
beer_wine_and_spirits,Agriculture & Farming
csa_farm,Agriculture & Farming
dairy_farm,Agriculture & Farming
farm,Agriculture & Farming
farming_services,Agriculture & Farming
fish_farm,Agriculture & Farming
fish_farms_and_hatcheries,Agriculture & Farming
grain_elevators,Agriculture & Farming
orchard,Agriculture & Farming
pick_your_own_farm,Agriculture & Farming
pig_farm,Agriculture & Farming
poultry_farm,Agriculture & Farming
poultry_farming,Agriculture & Farming
produce_wholesaler,Agriculture & Farming
pumpkin_patch,Agriculture & Farming
ranch,Agriculture & Farming
urban_farm,Agriculture & Farming
adult_entertainment,Arts & Entertainment
agricultural_cooperatives,Agriculture & Farming
agricultural_production,Agriculture & Farming
amusement_park,Arts & Entertainment
animation_studio,Arts & Entertainment
aquarium,Arts & Entertainment
aquarium_services,Arts & Entertainment
arcade,Arts & Entertainment
art_gallery,Arts & Entertainment
art_museum,Arts & Entertainment
art_school,Arts & Entertainment
art_tours,Arts & Entertainment
arts_and_entertainment,Arts & Entertainment
asian_art_museum,Arts & Entertainment
audio_visual_production_and_design,Arts & Entertainment
aviation_museum,Arts & Entertainment
bingo_hall,Arts & Entertainment
botanical_garden,Arts & Entertainment
broadcasting_media_production,Arts & Entertainment
casino,Arts & Entertainment
childrens_museum,Arts & Entertainment
choir,Arts & Entertainment
cinema,Arts & Entertainment
circus,Arts & Entertainment
circus_school,Arts & Entertainment
civilization_museum,Arts & Entertainment
clown,Arts & Entertainment
comedy_club,Arts & Entertainment
commissioned_artist,Arts & Entertainment
community_museum,Arts & Entertainment
computer_museum,Arts & Entertainment
contemporary_art_museum,Arts & Entertainment
corporate_entertainment_services,Arts & Entertainment
costume_museum,Arts & Entertainment
crops_production,Agriculture & Farming
cultural_center,Arts & Entertainment
dance_club,Arts & Entertainment
dance_school,Arts & Entertainment
decorative_arts_museum,Arts & Entertainment
design_museum,Arts & Entertainment
dinner_theater,Arts & Entertainment
drama_school,Arts & Entertainment
drive_in_theater,Arts & Entertainment
entertainment_law,Arts & Entertainment
escape_rooms,Arts & Entertainment
fair,Arts & Entertainment
festival,Arts & Entertainment
film_festivals_and_organizations,Arts & Entertainment
general_festivals,Arts & Entertainment
grain_production,Agriculture & Farming
haunted_house,Arts & Entertainment
henna_artist,Arts & Entertainment
history_museum,Arts & Entertainment
housing_cooperative,Arts & Entertainment
karaoke,Arts & Entertainment
karaoke_rental,Arts & Entertainment
magician,Arts & Entertainment
military_museum,Arts & Entertainment
modern_art_museum,Arts & Entertainment
movie_television_studio,Arts & Entertainment
museum,Arts & Entertainment
music_festivals_and_organizations,Arts & Entertainment
music_production,Arts & Entertainment
music_production_services,Arts & Entertainment
music_venue,Arts & Entertainment
musical_band_orchestras_and_symphonies,Arts & Entertainment
national_museum,Arts & Entertainment
observatory,Arts & Entertainment
opera_and_ballet,Arts & Entertainment
orchards_production,Arts & Entertainment
outdoor_movies,Arts & Entertainment
performing_arts,Arts & Entertainment
petting_zoo,Arts & Entertainment
photography_museum,Arts & Entertainment
planetarium,Arts & Entertainment
recording_and_rehearsal_studio,Arts & Entertainment
rodeo,Arts & Entertainment
science_museum,Arts & Entertainment
sports_museum,Arts & Entertainment
state_museum,Arts & Entertainment
studio_taping,Arts & Entertainment
theaters_and_performance_venues,Arts & Entertainment
theatre,Arts & Entertainment
theatrical_productions,Arts & Entertainment
topic_concert_venue,Arts & Entertainment
trade_fair,Arts & Entertainment
video_film_production,Arts & Entertainment
virtual_reality_center,Arts & Entertainment
water_park,Arts & Entertainment
zoo,Arts & Entertainment
event_photography,Arts & Entertainment
jazz_and_blues,Arts & Entertainment
music_critic,Arts & Entertainment
musician,Arts & Entertainment
session_photography,Arts & Entertainment
street_art,Arts & Entertainment
aircraft_dealer,Automotive
aircraft_repair,Automotive
appliance_repair_service,Automotive
art_restoration,Arts & Entertainment
art_restoration_service,Arts & Entertainment
auto_company,Automotive
auto_customization,Automotive
auto_detailing,Automotive
auto_electrical_repair,Automotive
auto_glass_service,Automotive
auto_insurance,Automotive
auto_loan_provider,Automotive
auto_manufacturers_and_distributors,Automotive
auto_restoration_services,Automotive
auto_security,Automotive
auto_upholstery,Automotive
automation_services,Automotive
automobile_leasing,Automotive
automobile_registration_service,Automotive
automotive,Automotive
automotive_consultant,Automotive
automotive_dealer,Automotive
automotive_parts_and_accessories,Automotive
automotive_repair,Automotive
automotive_services_and_repair,Automotive
automotive_storage_facility,Automotive
automotive_wheel_polishing_service,Automotive
b2b_tractor_dealers,Automotive
bathtub_and_sink_repairs,Automotive
bike_repair_maintenance,Automotive
boat_dealer,Automotive
boat_service_and_repair,Automotive
brake_service_and_repair,Automotive
cable_car_service,Automotive
car_auction,Automotive
car_broker,Automotive
car_buyer,Automotive
car_dealer,Automotive
car_inspection,Automotive
car_rental_agency,Automotive
car_sharing,Automotive
car_stereo_installation,Automotive
car_wash,Automotive
car_window_tinting,Automotive
clock_repair_service,Automotive
coin_dealers,Automotive
commercial_vehicle_dealer,Automotive
damage_restoration,Automotive
department_of_motor_vehicles,Automotive
diamond_dealer,Retail & Shopping
emissions_inspection,Automotive
engine_repair_service,Automotive
exhaust_and_muffler_repair,Automotive
farm_equipment_repair_service,Professional Services
fire_and_water_damage_restoration,Automotive
forklift_dealer,Automotive
foundation_repair,Professional Services
fuel_dock,Automotive
furniture_repair,Professional Services
furniture_reupholstery,Professional Services
game_truck_rental,Automotive
gas_station,Retail & Shopping
generator_installation_repair,Automotive
golf_cart_dealer,Automotive
home_automation,Professional Services
home_window_tinting,Automotive
hybrid_car_repair,Automotive
hydraulic_repair_service,Automotive
inspection_services,Automotive
it_service_and_computer_repair,Technology & IT
jewelry_repair_service,Professional Services
lawn_mower_repair_service,Automotive
livestock_dealers,Other Services
mechanical_engineers,Other Services
media_restoration_service,Professional Services
mobile_dent_repair,Automotive
mobile_home_dealer,Real Estate
mobile_home_repair,Professional Services
mobile_phone_repair,Professional Services
motorcycle_dealer,Automotive
motorcycle_gear,Automotive
motorcycle_manufacturer,Automotive
motorcycle_rentals,Automotive
motorcycle_repair,Automotive
motorsport_vehicle_dealer,Automotive
motorsport_vehicle_repair,Automotive
oil_change_station,Retail & Shopping
recreation_vehicle_repair,Automotive
recreational_vehicle_dealer,Automotive
recreational_vehicle_parts_and_accessories,Automotive
retirement_home,Healthcare & Medical
scooter_dealers,Automotive
shoe_repair,Professional Services
tire_dealer_and_repair,Automotive
towing_service,Automotive
town_car_service,Automotive
trailer_dealer,Automotive
trailer_repair,Automotive
transmission_repair,Automotive
truck_dealer,Automotive
truck_dealer_for_businesses,Automotive
truck_gas_station,Automotive
truck_rentals,Automotive
truck_repair,Automotive
trucks_and_industrial_vehicles,Automotive
used_car_dealer,Automotive
vehicle_shipping,Automotive
vehicle_wrap,Automotive
washer_and_dryer_repair_service,Professional Services
watch_repair_service,Professional Services
water_heater_installation_repair,Professional Services
wheel_and_rim_repair,Automotive
windshield_installation_and_repair,Automotive
qi_gong_studio,Beauty & Wellness
tai_chi_studio,Beauty & Wellness
aerial_fitness_center,Beauty & Wellness
aesthetician,Beauty & Wellness
art_space_rental,Beauty & Wellness
beauty_and_spa,Beauty & Wellness
beauty_salon,Beauty & Wellness
blow_dry_blow_out_service,Beauty & Wellness
boot_camp,Beauty & Wellness
boudoir_photography,Beauty & Wellness
boxing_class,Beauty & Wellness
boxing_club,Beauty & Wellness
boxing_gym,Beauty & Wellness
brazilian_jiu_jitsu_club,Beauty & Wellness
chinese_martial_arts_club,Beauty & Wellness
cosmetic_and_beauty_supplies,Beauty & Wellness
coworking_space,Beauty & Wellness
day_spa,Beauty & Wellness
dietitian,Beauty & Wellness
dog_trainer,Beauty & Wellness
esthetician,Beauty & Wellness
eyebrow_service,Beauty & Wellness
eyelash_service,Beauty & Wellness
fitness_equipment_wholesaler,Beauty & Wellness
fitness_exercise_equipment,Beauty & Wellness
fitness_trainer,Beauty & Wellness
float_spa,Beauty & Wellness
gym,Beauty & Wellness
gymnastics_center,Beauty & Wellness
gymnastics_club,Beauty & Wellness
hair_extensions,Beauty & Wellness
hair_loss_center,Beauty & Wellness
hair_removal,Beauty & Wellness
hair_replacement,Beauty & Wellness
hair_salon,Beauty & Wellness
hair_stylist,Beauty & Wellness
horse_trainer,Pet Services
karate_club,Beauty & Wellness
kickboxing_club,Beauty & Wellness
kids_hair_salon,Beauty & Wellness
laser_hair_removal,Beauty & Wellness
makerspace,Beauty & Wellness
makeup_artist,Beauty & Wellness
martial_arts_club,Beauty & Wellness
massage,Beauty & Wellness
muay_thai_club,Beauty & Wellness
nail_salon,Beauty & Wellness
newspaper_advertising,Beauty & Wellness
nutritionist,Beauty & Wellness
permanent_makeup,Beauty & Wellness
piercing,Beauty & Wellness
pilates_studio,Beauty & Wellness
reiki,Beauty & Wellness
rock_climbing_gym,Beauty & Wellness
sauna,Beauty & Wellness
shared_office_space,Beauty & Wellness
skin_care,Beauty & Wellness
spas,Beauty & Wellness
sports_and_fitness_instruction,Beauty & Wellness
spray_tanning,Beauty & Wellness
sugaring,Beauty & Wellness
taekwondo_club,Beauty & Wellness
tanning_bed,Beauty & Wellness
tanning_salon,Beauty & Wellness
tattoo,Beauty & Wellness
tattoo_and_piercing,Beauty & Wellness
tattoo_removal,Beauty & Wellness
threading_service,Beauty & Wellness
venue_and_event_space,Beauty & Wellness
waxing,Beauty & Wellness
weight_loss_center,Beauty & Wellness
yoga_instructor,Beauty & Wellness
yoga_studio,Beauty & Wellness
cycling_classes,Beauty & Wellness
barre_classes,Beauty & Wellness
hotel_supply_service,Business-to-Business
b2b_farming,Business-to-Business
b2b_autos_and_vehicles,Business-to-Business
b2b_equipment_maintenance_and_repair,Business-to-Business
b2b_forklift_dealers,Business-to-Business
b2b_tires,Business-to-Business
b2b_truck_equipment_parts_and_accessories,Business-to-Business
abrasives_supplier,Business-to-Business
aggregate_supplier,Business-to-Business
aluminum_supplier,Business-to-Business
awning_supplier,Business-to-Business
b2b_dairies,Business-to-Business
b2b_electronic_equipment,Business-to-Business
b2b_furniture_and_housewares,Business-to-Business
b2b_hardware,Business-to-Business
b2b_jewelers,Business-to-Business
b2b_machinery_and_tools,Business-to-Business
b2b_science_and_technology,Business-to-Business
b2b_scientific_equipment,Business-to-Business
bearing_supplier,Business-to-Business
beauty_product_supplier,Business-to-Business
beverage_supplier,Business-to-Business
box_lunch_supplier,Business-to-Business
cement_supplier,Business-to-Business
corporate_gift_supplier,Business-to-Business
electronic_parts_supplier,Business-to-Business
fastener_supplier,Business-to-Business
granite_supplier,Business-to-Business
hydraulic_equipment_supplier,Business-to-Business
ice_supplier,Business-to-Business
laboratory_equipment_supplier,Business-to-Business
natural_gas_supplier,Business-to-Business
pipe_supplier,Business-to-Business
propane_supplier,Business-to-Business
retaining_wall_supplier,Business-to-Business
sand_and_gravel_supplier,Business-to-Business
scale_supplier,Business-to-Business
stone_supplier,Business-to-Business
tableware_supplier,Business-to-Business
thread_supplier,Business-to-Business
vending_machine_supplier,Business-to-Business
water_softening_equipment_supplier,Business-to-Business
window_supplier,Business-to-Business
b2b_food_products,Business-to-Business
coffee_and_tea_supplies,Business-to-Business
business_equipment_and_supply,Business-to-Business
business_to_business,Business-to-Business
b2b_farms,Business-to-Business
blood_and_plasma_donation_center,Community & Social Services
career_counseling,Community & Social Services
charity_organization,Community & Social Services
community_center,Community & Social Services
community_services_non_profits,Community & Social Services
crisis_intervention_services,Community & Social Services
domestic_business_and_trade_organizations,Community & Social Services
donation_center,Community & Social Services
elder_care_planning,Community & Social Services
foster_care_services,Community & Social Services
fraternal_organization,Community & Social Services
gay_and_lesbian_services_organization,Community & Social Services
home_organization,Community & Social Services
homeowner_association,Community & Social Services
labor_union,Community & Social Services
organization,Community & Social Services
political_organization,Community & Social Services
private_association,Community & Social Services
senior_citizen_services,Community & Social Services
social_service_organizations,Community & Social Services
suicide_prevention_services,Community & Social Services
veterans_organization,Community & Social Services
volunteer_association,Community & Social Services
welders,Community & Social Services
youth_organizations,Community & Social Services
cabinet_sales_service,Construction & Contractors
ceiling_and_roofing_repair_and_service,Construction & Contractors
altering_and_remodeling_contractor,Construction & Contractors
bathroom_remodeling,Construction & Contractors
boat_builder,Construction & Contractors
builders,Construction & Contractors
building_contractor,Construction & Contractors
carpenter,Construction & Contractors
childproofing,Construction & Contractors
closet_remodeling,Construction & Contractors
construction_services,Construction & Contractors
contractor,Construction & Contractors
demolition_service,Construction & Contractors
drywall_services,Construction & Contractors
electrician,Construction & Contractors
excavation_service,Construction & Contractors
face_painting,Event Services
flooring_contractors,Construction & Contractors
hvac_services,Construction & Contractors
hvac_supplier,Construction & Contractors
insulation_installation,Construction & Contractors
kitchen_remodeling,Construction & Contractors
logging_contractor,Construction & Contractors
masonry_concrete,Construction & Contractors
masonry_contractors,Construction & Contractors
packaging_contractors_and_service,Construction & Contractors
painting,Construction & Contractors
paving_contractor,Construction & Contractors
plumbing,Construction & Contractors
road_contractor,Construction & Contractors
roofing,Construction & Contractors
septic_services,Construction & Contractors
siding,Construction & Contractors
stone_and_masonry,Construction & Contractors
tiling,Construction & Contractors
waterproofing,Construction & Contractors
well_drilling,Construction & Contractors
countertop_installation,Construction & Contractors
kitchen_and_bath,Construction & Contractors
skylight_installation,Construction & Contractors
solar_installation,Construction & Contractors
windows_installation,Construction & Contractors
adult_education,Education
after_school_program,Education
architecture_schools,Education
board_of_education_offices,Education
boat_rental_and_training,Education
business_schools,Education
charter_school,Education
child_care_and_day_care,Education
childbirth_education,Education
college_counseling,Education
college_university,Education
computer_coaching,Education
cooking_classes,Education
cooking_school,Education
cosmetology_school,Education
cpr_classes,Education
day_care_preschool,Education
dui_school,Education
education,Education
educational_camp,Education
educational_research_institute,Education
educational_services,Education
elementary_school,Education
engineering_schools,Education
firearm_training,Education
first_aid_class,Education
flight_school,Education
high_school,Education
language_school,Education
law_schools,Education
library,Education
life_coach,Education
massage_school,Education
middle_school,Education
montessori_school,Education
music_school,Education
parenting_classes,Education
pet_training,Pet Services
photography_classes,Education
preschool,Education
private_school,Education
religious_school,Education
research_institute,Education
school,Education
school_district_offices,Education
science_schools,Education
specialty_school,Education
speech_training,Education
student_union,Education
swimming_instructor,Education
tasting_classes,Education
tutoring_center,Education
university_housing,Education
vocal_coach,Education
vocational_and_technical_school,Education
waldorf_school,Education
wine_tasting_classes,Education
balloon_services,Event Services
dj_service,Event Services
event_planning,Event Services
florist,Event Services
furniture_rental_service,Event Services
party_and_event_planning,Event Services
party_bike_rental,Event Services
party_bus_rental,Event Services
party_character,Event Services
party_equipment_rental,Event Services
photo_booth_rental,Event Services
political_party_office,Event Services
rental_service,Event Services
rental_services,Event Services
wedding_planning,Event Services
wholesale_florist,Event Services
cardio_classes,Beauty & Wellness
self_defense_classes,Beauty & Wellness
pension,Financial Services
abuse_and_addiction_treatment,Healthcare & Medical
alcohol_and_drug_treatment_center,Healthcare & Medical
alcohol_and_drug_treatment_centers,Healthcare & Medical
atms,Financial Services
bail_bonds_service,Financial Services
bank_credit_union,Financial Services
bank_equipment_service,Financial Services
banks,Financial Services
brokers,Financial Services
business_banking_service,Financial Services
business_brokers,Financial Services
cancer_treatment_center,Healthcare & Medical
check_cashing_payday_loans,Financial Services
credit_union,Financial Services
currency_exchange,Financial Services
customs_broker,Financial Services
debt_relief_services,Financial Services
farm_insurance,Financial Services
home_and_rental_insurance,Financial Services
installment_loans,Financial Services
insurance_agency,Financial Services
lice_treatment,Healthcare & Medical
life_insurance,Financial Services
livestock_breeder,Agriculture & Farming
mortgage_broker,Financial Services
mortgage_lender,Financial Services
pet_insurance,Pet Services
real_estate_investment,Financial Services
stock_and_bond_brokers,Financial Services
tax_office,Financial Services
water_treatment_equipment_and_services,Utilities & Infrastructure
business_financing,Financial Services
collection_agencies,Financial Services
fidelity_and_surety_bonds,Financial Services
money_transfer_services,Financial Services
payroll_services,Financial Services
private_equity_firm,Financial Services
acai_bowls,Food & Dining
afghan_restaurant,Food & Dining
african_restaurant,Food & Dining
airport_lounge,Food & Dining
american_restaurant,Food & Dining
arabian_restaurant,Food & Dining
argentine_restaurant,Food & Dining
armenian_restaurant,Food & Dining
asian_fusion_restaurant,Food & Dining
asian_restaurant,Food & Dining
australian_restaurant,Food & Dining
austrian_restaurant,Food & Dining
azerbaijani_restaurant,Food & Dining
b2b_agriculture_and_food,Business-to-Business
bagel_restaurant,Food & Dining
bagel_shop,Food & Dining
bakery,Food & Dining
bangladeshi_restaurant,Food & Dining
bar,Food & Dining
bar_and_grill_restaurant,Food & Dining
bar_crawl,Event Services
barbecue_restaurant,Food & Dining
barber,Personal Services
bartender,Food & Dining
bartending_school,Education
basque_restaurant,Food & Dining
beach_bar,Food & Dining
beer_bar,Food & Dining
belgian_restaurant,Food & Dining
bistro,Food & Dining
bolivian_restaurant,Food & Dining
brasserie,Food & Dining
brazilian_restaurant,Food & Dining
breakfast_and_brunch_restaurant,Food & Dining
brewery,Food & Dining
british_restaurant,Food & Dining
bubble_tea,Food & Dining
buffet_restaurant,Food & Dining
bulgarian_restaurant,Food & Dining
burger_restaurant,Food & Dining
burmese_restaurant,Food & Dining
butcher_shop,Food & Dining
cabaret,Food & Dining
cafe,Food & Dining
cajun_and_creole_restaurant,Food & Dining
cambodian_restaurant,Food & Dining
canadian_restaurant,Food & Dining
candy_store,Food & Dining
caribbean_restaurant,Food & Dining
caterer,Food & Dining
champagne_bar,Food & Dining
cheese_shop,Food & Dining
cheesesteak_restaurant,Food & Dining
chicken_restaurant,Food & Dining
chicken_wings_restaurant,Food & Dining
chilean_restaurant,Food & Dining
chinese_restaurant,Food & Dining
cidery,Food & Dining
cigar_bar,Food & Dining
cocktail_bar,Food & Dining
coffee_roastery,Food & Dining
coffee_shop,Food & Dining
colombian_restaurant,Food & Dining
comfort_food_restaurant,Food & Dining
costa_rican_restaurant,Food & Dining
cuban_restaurant,Food & Dining
cupcake_shop,Food & Dining
czech_restaurant,Food & Dining
danish_restaurant,Food & Dining
delicatessen,Food & Dining
desserts,Food & Dining
dim_sum_restaurant,Food & Dining
diner,Food & Dining
distillery,Food & Dining
dive_bar,Food & Dining
diy_foods_restaurant,Food & Dining
dominican_restaurant,Food & Dining
doner_kebab,Food & Dining
donuts,Food & Dining
drive_thru_bar,Food & Dining
dumpling_restaurant,Food & Dining
eastern_european_restaurant,Food & Dining
eat_and_drink,Food & Dining
ecuadorian_restaurant,Food & Dining
egyptian_restaurant,Food & Dining
empanadas,Food & Dining
ethiopian_restaurant,Food & Dining
european_restaurant,Food & Dining
falafel_restaurant,Food & Dining
fast_food_restaurant,Food & Dining
filipino_restaurant,Food & Dining
fish_and_chips_restaurant,Food & Dining
fish_restaurant,Food & Dining
flatbread_restaurant,Food & Dining
fondue_restaurant,Food & Dining
food,Food & Dining
food_and_beverage_consultant,Food & Dining
food_and_beverage_exporter,Food & Dining
food_banks,Food & Dining
food_beverage_service_distribution,Business-to-Business
food_consultant,Food & Dining
food_court,Food & Dining
food_delivery_service,Food & Dining
food_safety_training,Food & Dining
food_stand,Food & Dining
food_tours,Food & Dining
food_truck,Food & Dining
french_restaurant,Food & Dining
frozen_foods,Food & Dining
frozen_yoghurt_shop,Food & Dining
game_publisher,Food & Dining
gastropub,Food & Dining
gay_bar,Food & Dining
gelato,Food & Dining
georgian_restaurant,Food & Dining
german_restaurant,Food & Dining
gluten_free_restaurant,Food & Dining
greek_restaurant,Food & Dining
guatemalan_restaurant,Food & Dining
haitian_restaurant,Food & Dining
halal_restaurant,Food & Dining
hawaiian_restaurant,Food & Dining
health_food_restaurant,Food & Dining
health_food_store,Food & Dining
himalayan_nepalese_restaurant,Food & Dining
honduran_restaurant,Food & Dining
hong_kong_style_cafe,Food & Dining
hookah_bar,Food & Dining
hot_dog_restaurant,Food & Dining
hotel_bar,Food & Dining
hungarian_restaurant,Food & Dining
iberian_restaurant,Food & Dining
ice_cream_and_frozen_yoghurt,Food & Dining
ice_cream_shop,Food & Dining
imported_food,Food & Dining
indian_restaurant,Food & Dining
indo_chinese_restaurant,Food & Dining
indonesian_restaurant,Food & Dining
international_restaurant,Food & Dining
internet_cafe,Food & Dining
irish_pub,Food & Dining
irish_restaurant,Food & Dining
israeli_restaurant,Food & Dining
italian_restaurant,Food & Dining
jamaican_restaurant,Food & Dining
japanese_restaurant,Food & Dining
kombucha,Food & Dining
korean_restaurant,Food & Dining
kosher_restaurant,Food & Dining
kurdish_restaurant,Food & Dining
laotian_restaurant,Food & Dining
latin_american_restaurant,Food & Dining
lebanese_restaurant,Food & Dining
live_and_raw_food_restaurant,Food & Dining
lounge,Food & Dining
malaysian_restaurant,Food & Dining
meat_restaurant,Food & Dining
meat_shop,Food & Dining
mediterranean_restaurant,Food & Dining
mexican_restaurant,Food & Dining
middle_eastern_restaurant,Food & Dining
molecular_gastronomy_restaurant,Food & Dining
mongolian_restaurant,Food & Dining
moroccan_restaurant,Food & Dining
nicaraguan_restaurant,Food & Dining
nigerian_restaurant,Food & Dining
noodles_restaurant,Food & Dining
oxygen_bar,Food & Dining
pakistani_restaurant,Food & Dining
pan_asian_restaurant,Food & Dining
panamanian_restaurant,Food & Dining
pancake_house,Food & Dining
paraguayan_restaurant,Food & Dining
pasta_shop,Food & Dining
patisserie_cake_shop,Food & Dining
persian_iranian_restaurant,Food & Dining
peruvian_restaurant,Food & Dining
piano_bar,Food & Dining
pie_shop,Food & Dining
pizza_delivery_service,Food & Dining
pizza_restaurant,Food & Dining
poke_restaurant,Food & Dining
polish_restaurant,Food & Dining
polynesian_restaurant,Food & Dining
pop_up_restaurant,Food & Dining
popcorn_shop,Food & Dining
portuguese_restaurant,Food & Dining
potato_restaurant,Food & Dining
poutinerie_restaurant,Food & Dining
pretzels,Food & Dining
pub,Food & Dining
public_adjuster,Food & Dining
public_and_government_association,Food & Dining
public_bath_houses,Food & Dining
public_health_clinic,Food & Dining
public_market,Food & Dining
public_plaza,Food & Dining
public_relations,Food & Dining
public_restrooms,Food & Dining
public_school,Food & Dining
public_service_and_government,Food & Dining
public_toilet,Food & Dining
public_transportation,Food & Dining
public_utility_company,Food & Dining
publicity_service,Food & Dining
puerto_rican_restaurant,Food & Dining
restaurant,Food & Dining
restaurant_equipment_and_supply,Business-to-Business
restaurant_management,Professional Services
restaurant_wholesale,Food & Dining
romanian_restaurant,Food & Dining
russian_restaurant,Food & Dining
sake_bar,Food & Dining
salad_bar,Food & Dining
salvadoran_restaurant,Food & Dining
sandwich_shop,Food & Dining
scandinavian_restaurant,Food & Dining
scottish_restaurant,Food & Dining
seafood_market,Food & Dining
seafood_restaurant,Food & Dining
seafood_wholesaler,Food & Dining
senegalese_restaurant,Food & Dining
serbo_croatian_restaurant,Food & Dining
shaved_ice_shop,Food & Dining
singaporean_restaurant,Food & Dining
slovakian_restaurant,Food & Dining
smoothie_juice_bar,Food & Dining
soul_food,Food & Dining
soup_restaurant,Food & Dining
south_african_restaurant,Food & Dining
southern_restaurant,Food & Dining
spanish_restaurant,Food & Dining
speakeasy,Food & Dining
specialty_foods,Food & Dining
sports_bar,Food & Dining
sri_lankan_restaurant,Food & Dining
steakhouse,Food & Dining
sushi_restaurant,Food & Dining
swiss_restaurant,Food & Dining
syrian_restaurant,Food & Dining
taco_restaurant,Food & Dining
taiwanese_restaurant,Food & Dining
tapas_bar,Food & Dining
tea_room,Food & Dining
texmex_restaurant,Food & Dining
thai_restaurant,Food & Dining
theme_restaurant,Food & Dining
tiki_bar,Food & Dining
topic_publisher,Food & Dining
trinidadian_restaurant,Food & Dining
turkish_restaurant,Food & Dining
ukrainian_restaurant,Food & Dining
uruguayan_restaurant,Food & Dining
uzbek_restaurant,Food & Dining
vegan_restaurant,Food & Dining
vegetarian_restaurant,Food & Dining
venezuelan_restaurant,Food & Dining
vermouth_bar,Food & Dining
vietnamese_restaurant,Food & Dining
waffle_restaurant,Food & Dining
whiskey_bar,Food & Dining
wine_bar,Food & Dining
winery,Food & Dining
wok_restaurant,Food & Dining
wrap_restaurant,Food & Dining
notary_public,Government & Public Services
airline_ticket_agency,Government & Public Services
armed_forces_branch,Government & Public Services
bus_ticket_agency,Government & Public Services
central_government_office,Government & Public Services
certification_agency,Government & Public Services
civic_center,Government & Public Services
department_of_social_service,Government & Public Services
embassy,Government & Public Services
emergency_service,Government & Public Services
estate_liquidation,Government & Public Services
federal_government_offices,Government & Public Services
fire_department,Government & Public Services
freight_forwarding_agency,Government & Public Services
government_services,Government & Public Services
jail_and_prison,Government & Public Services
juvenile_detention_center,Government & Public Services
local_and_state_government_offices,Government & Public Services
media_agency,Government & Public Services
national_security_services,Government & Public Services
non_governmental_association,Government & Public Services
office_of_vital_records,Government & Public Services
passport_and_visa_services,Government & Public Services
police_department,Government & Public Services
post_office,Government & Public Services
sightseeing_tour_agency,Government & Public Services
social_media_agency,Government & Public Services
social_security_services,Government & Public Services
social_welfare_center,Government & Public Services
state_park,Parks & Natural Features
talent_agency,Professional Services
town_hall,Government & Public Services
immigration_and_naturalization,Government & Public Services
undersea_hyperbaric_medicine,Healthcare & Medical
abortion_clinic,Healthcare & Medical
acne_treatment,Healthcare & Medical
acupuncture,Healthcare & Medical
addiction_rehabilitation_center,Healthcare & Medical
allergist,Healthcare & Medical
alternative_medicine,Healthcare & Medical
anesthesiologist,Healthcare & Medical
animal_assisted_therapy,Healthcare & Medical
animal_physical_therapy,Healthcare & Medical
aromatherapy,Healthcare & Medical
audiologist,Healthcare & Medical
ayurveda,Healthcare & Medical
b2b_medical_support_services,Healthcare & Medical
cannabis_clinic,Healthcare & Medical
cardiologist,Healthcare & Medical
cardiovascular_and_thoracic_surgeon,Healthcare & Medical
child_psychiatrist,Healthcare & Medical
childrens_hospital,Healthcare & Medical
chiropractor,Healthcare & Medical
clinical_laboratories,Healthcare & Medical
community_health_center,Healthcare & Medical
concierge_medicine,Healthcare & Medical
cosmetic_dentist,Healthcare & Medical
cosmetic_surgeon,Healthcare & Medical
counseling_and_mental_health,Healthcare & Medical
cryotherapy,Healthcare & Medical
dental_hygienist,Healthcare & Medical
dental_laboratories,Healthcare & Medical
dental_supply_store,Healthcare & Medical
dentist,Healthcare & Medical
dentistry_schools,Healthcare & Medical
dermatologist,Healthcare & Medical
dialysis_clinic,Healthcare & Medical
doctor,Healthcare & Medical
doula,Healthcare & Medical
emergency_medicine,Healthcare & Medical
emergency_pet_hospital,Pet Services
emergency_room,Healthcare & Medical
endocrinologist,Healthcare & Medical
environmental_medicine,Healthcare & Medical
eye_care_clinic,Healthcare & Medical
family_counselor,Healthcare & Medical
fertility,Healthcare & Medical
gastroenterologist,Healthcare & Medical
general_dentistry,Healthcare & Medical
geneticist,Healthcare & Medical
geriatric_medicine,Healthcare & Medical
halotherapy,Healthcare & Medical
health_and_medical,Healthcare & Medical
health_and_wellness_club,Healthcare & Medical
health_coach,Healthcare & Medical
health_consultant,Healthcare & Medical
health_department,Healthcare & Medical
health_insurance_office,Healthcare & Medical
health_market,Healthcare & Medical
health_retreats,Healthcare & Medical
health_spa,Healthcare & Medical
hematology,Healthcare & Medical
hepatologist,Healthcare & Medical
holistic_animal_care,Healthcare & Medical
home_health_care,Healthcare & Medical
homeopathic_medicine,Healthcare & Medical
hospice,Healthcare & Medical
hospital,Healthcare & Medical
hospital_equipment_and_supplies,Healthcare & Medical
hospitalist,Healthcare & Medical
hydrotherapy,Healthcare & Medical
hypnosis_hypnotherapy,Healthcare & Medical
immunodermatologist,Healthcare & Medical
internal_medicine,Healthcare & Medical
lactation_services,Healthcare & Medical
laser_eye_surgery_lasik,Healthcare & Medical
marriage_or_relationship_counselor,Healthcare & Medical
massage_therapy,Healthcare & Medical
maternity_centers,Healthcare & Medical
maternity_wear,Healthcare & Medical
medical_cannabis_referral,Healthcare & Medical
medical_center,Healthcare & Medical
medical_law,Healthcare & Medical
medical_research_and_development,Healthcare & Medical
medical_school,Healthcare & Medical
medical_sciences_schools,Healthcare & Medical
medical_service_organizations,Healthcare & Medical
medical_spa,Healthcare & Medical
medical_supply,Healthcare & Medical
medical_transportation,Healthcare & Medical
midwife,Healthcare & Medical
mohel,Healthcare & Medical
naturopathic_holistic,Healthcare & Medical
nephrologist,Healthcare & Medical
neurologist,Healthcare & Medical
neuropathologist,Healthcare & Medical
neurotologist,Healthcare & Medical
nursing_school,Healthcare & Medical
obstetrician_and_gynecologist,Healthcare & Medical
occupational_medicine,Healthcare & Medical
occupational_therapy,Healthcare & Medical
oncologist,Healthcare & Medical
ophthalmologist,Healthcare & Medical
optometrist,Healthcare & Medical
oral_surgeon,Healthcare & Medical
orthopedist,Healthcare & Medical
osteopathic_physician,Healthcare & Medical
otologist,Healthcare & Medical
pathologist,Healthcare & Medical
pediatric_anesthesiology,Healthcare & Medical
pediatric_cardiology,Healthcare & Medical
pediatric_dentist,Healthcare & Medical
pediatric_endocrinology,Healthcare & Medical
pediatric_gastroenterology,Healthcare & Medical
pediatric_nephrology,Healthcare & Medical
pediatric_neurology,Healthcare & Medical
pediatric_oncology,Healthcare & Medical
pediatric_orthopedic_surgery,Healthcare & Medical
pediatric_pulmonology,Healthcare & Medical
pediatric_radiology,Healthcare & Medical
pediatric_surgery,Healthcare & Medical
pediatrician,Healthcare & Medical
pet_hospice,Healthcare & Medical
pharmacy,Healthcare & Medical
pharmacy_schools,Healthcare & Medical
physical_therapy,Healthcare & Medical
physician_assistant,Healthcare & Medical
plastic_surgeon,Healthcare & Medical
podiatrist,Healthcare & Medical
prenatal_perinatal_care,Healthcare & Medical
preventive_medicine,Healthcare & Medical
proctologist,Healthcare & Medical
psychiatrist,Healthcare & Medical
psychologist,Healthcare & Medical
psychotherapist,Healthcare & Medical
pulmonologist,Healthcare & Medical
radiologist,Healthcare & Medical
rehabilitation_center,Healthcare & Medical
retina_specialist,Healthcare & Medical
rheumatologist,Healthcare & Medical
sex_therapist,Healthcare & Medical
skilled_nursing,Healthcare & Medical
speech_therapist,Healthcare & Medical
sperm_clinic,Healthcare & Medical
spine_surgeon,Healthcare & Medical
sports_medicine,Healthcare & Medical
sports_psychologist,Healthcare & Medical
surgeon,Healthcare & Medical
toxicologist,Healthcare & Medical
traditional_chinese_medicine,Healthcare & Medical
urgent_care_clinic,Healthcare & Medical
urologist,Healthcare & Medical
vascular_medicine,Healthcare & Medical
veterinarian,Healthcare & Medical
walk_in_clinic,Healthcare & Medical
womens_health_clinic,Healthcare & Medical
active_life,Healthcare & Medical
ambulance_and_ems_services,Healthcare & Medical
colonics,Healthcare & Medical
diagnostic_imaging,Healthcare & Medical
ear_nose_and_throat,Healthcare & Medical
endodontist,Healthcare & Medical
endoscopist,Healthcare & Medical
family_practice,Healthcare & Medical
foot_care,Healthcare & Medical
geriatric_psychiatry,Healthcare & Medical
gerontologist,Healthcare & Medical
hearing_aid_provider,Healthcare & Medical
hearing_aids,Healthcare & Medical
iv_hydration,Healthcare & Medical
laboratory,Healthcare & Medical
laboratory_testing,Healthcare & Medical
mobility_equipment_services,Healthcare & Medical
nurse_practitioner,Healthcare & Medical
organ_and_tissue_donor_service,Healthcare & Medical
orthodontist,Healthcare & Medical
orthotics,Healthcare & Medical
osteopath,Healthcare & Medical
paternity_tests_and_services,Healthcare & Medical
periodontist,Healthcare & Medical
placenta_encapsulation_service,Healthcare & Medical
podiatry,Healthcare & Medical
prosthetics,Healthcare & Medical
prosthodontist,Healthcare & Medical
psychoanalyst,Healthcare & Medical
scientific_laboratories,Healthcare & Medical
sleep_specialist,Healthcare & Medical
surgical_appliances_and_supplies,Healthcare & Medical
teeth_whitening,Healthcare & Medical
ultrasound_imaging_center,Healthcare & Medical
wellness_program,Healthcare & Medical
pain_management,Healthcare & Medical
air_duct_cleaning_service,Home & Garden Services
carpet_cleaning,Home & Garden Services
chimney_service,Home & Garden Services
chimney_sweep,Home & Garden Services
cleaning_products_supplier,Home & Garden Services
cleaning_services,Home & Garden Services
deck_and_railing_sales_service,Home & Garden Services
dry_cleaning,Home & Garden Services
fence_and_gate_sales_service,Home & Garden Services
garage_door_service,Home & Garden Services
gardener,Home & Garden Services
gutter_service,Home & Garden Services
handyman,Home & Garden Services
home_cleaning,Home & Garden Services
indoor_landscaping,Home & Garden Services
industrial_cleaning_services,Home & Garden Services
janitorial_services,Home & Garden Services
junk_removal_and_hauling,Home & Garden Services
key_and_locksmith,Home & Garden Services
landscaping,Home & Garden Services
movers,Home & Garden Services
occupational_safety,Home & Garden Services
office_cleaning,Home & Garden Services
patio_covers,Home & Garden Services
pest_control_service,Home & Garden Services
pool_cleaning,Home & Garden Services
pressure_washing,Home & Garden Services
security_systems,Home & Garden Services
snow_removal_service,Home & Garden Services
solar_panel_cleaning,Home & Garden Services
tree_services,Home & Garden Services
window_washing,Home & Garden Services
feng_shui,Home & Garden Services
holiday_decor,Home & Garden Services
3d_printing_service,Manufacturing & Industrial
aircraft_manufacturer,Manufacturing & Industrial
appliance_manufacturer,Manufacturing & Industrial
b2b_oil_and_gas_extraction_and_services,Manufacturing & Industrial
b2b_rubber_and_plastics,Manufacturing & Industrial
b2b_storage_and_warehouses,Manufacturing & Industrial
b2b_textiles,Manufacturing & Industrial
book_magazine_distribution,Manufacturing & Industrial
business_manufacturing_and_supply,Manufacturing & Industrial
chemical_plant,Manufacturing & Industrial
coal_and_coke,Manufacturing & Industrial
commercial_industrial,Manufacturing & Industrial
cosmetic_products_manufacturer,Manufacturing & Industrial
cotton_mill,Manufacturing & Industrial
distribution_services,Manufacturing & Industrial
environmental_abatement_services,Manufacturing & Industrial
environmental_and_ecological_services_for_businesses,Manufacturing & Industrial
environmental_conservation_and_ecological_organizations,Manufacturing & Industrial
environmental_conservation_organization,Manufacturing & Industrial
environmental_renewable_natural_resource,Manufacturing & Industrial
environmental_testing,Manufacturing & Industrial
fingerprinting_service,Professional Services
flour_mill,Manufacturing & Industrial
furniture_assembly,Manufacturing & Industrial
furniture_manufacturers,Manufacturing & Industrial
glass_manufacturer,Manufacturing & Industrial
industrial_company,Manufacturing & Industrial
industrial_equipment,Manufacturing & Industrial
industrial_spares_and_products_wholesaler,Manufacturing & Industrial
iron_and_steel_industry,Manufacturing & Industrial
iron_work,Manufacturing & Industrial
jewelry_and_watches_manufacturer,Manufacturing & Industrial
jewelry_manufacturer,Manufacturing & Industrial
leather_products_manufacturer,Manufacturing & Industrial
lighting_fixture_manufacturers,Manufacturing & Industrial
manufacturers_agents_and_representatives,Manufacturing & Industrial
mattress_manufacturing,Manufacturing & Industrial
metal_detector_services,Manufacturing & Industrial
metal_fabricator,Manufacturing & Industrial
metal_materials_and_experts,Manufacturing & Industrial
metal_plating_service,Manufacturing & Industrial
metal_supplier,Manufacturing & Industrial
metals,Manufacturing & Industrial
mills,Manufacturing & Industrial
mining,Manufacturing & Industrial
oil_and_gas,Manufacturing & Industrial
oil_and_gas_exploration_and_development,Manufacturing & Industrial
oil_and_gas_field_equipment_and_services,Manufacturing & Industrial
paper_mill,Manufacturing & Industrial
plastic_company,Manufacturing & Industrial
plastic_fabrication_company,Manufacturing & Industrial
plastic_manufacturer,Manufacturing & Industrial
printing_equipment_and_supply,Manufacturing & Industrial
printing_services,Manufacturing & Industrial
saw_mill,Manufacturing & Industrial
scrap_metals,Manufacturing & Industrial
screen_printing_t_shirt_printing,Manufacturing & Industrial
sheet_metal,Manufacturing & Industrial
shoe_factory,Manufacturing & Industrial
steel_fabricators,Manufacturing & Industrial
textile_mill,Manufacturing & Industrial
wallpaper_installers,Construction & Contractors
warehouses,Manufacturing & Industrial
mass_media,Media & Communications
media_critic,Media & Communications
media_news_company,Media & Communications
media_news_website,Media & Communications
print_media,Media & Communications
radio_station,Media & Communications
social_media_company,Media & Communications
television_station,Media & Communications
public_phones,Other Services
aircraft_parts_and_supplies,Other Services
antenna_service,Other Services
archaeological_services,Other Services
artificial_turf,Other Services
arts_and_crafts,Other Services
assisted_living_facility,Other Services
auction_house,Other Services
audiovisual_equipment_rental,Other Services
auditorium,Other Services
baby_gear_and_furniture,Other Services
backflow_services,Other Services
background_check_services,Other Services
backpacking_area,Other Services
bags_luggage_company,Other Services
behavior_analyst,Other Services
betting_center,Other Services
bicycle_path,Other Services
bike_rentals,Other Services
bike_sharing,Other Services
billing_services,Other Services
blacksmiths,Other Services
blueprinters,Other Services
boat_charter,Other Services
boat_parts_and_accessories,Other Services
boat_storage_facility,Other Services
body_contouring,Other Services
bookbinding,Other Services
bookmakers,Other Services
books_mags_music_and_video,Other Services
bottled_water_company,Other Services
bulk_billing,Other Services
bus_rentals,Other Services
business,Other Services
business_office_supplies_and_stationery,Other Services
business_signage,Other Services
business_to_business_services,Other Services
calligraphy,Other Services
campus_building,Other Services
canal,Other Services
cannabis_collective,Other Services
cannabis_tour,Other Services
canteen,Other Services
caricature,Other Services
casting_molding_and_machining,Other Services
ceiling_service,Other Services
cemeteries,Other Services
challenge_courses_center,Other Services
chambers_of_commerce,Other Services
cheerleading,Other Services
child_protection_service,Other Services
chocolatier,Other Services
christmas_trees,Other Services
club_crawl,Other Services
commercial_printer,Other Services
commercial_refrigeration,Other Services
computer_hardware_company,Other Services
computer_wholesaler,Other Services
copywriting_service,Other Services
corporate_office,Other Services
country_club,Other Services
country_dance_hall,Other Services
country_house,Other Services
courier_and_delivery_services,Other Services
crane_services,Other Services
cremation_services,Other Services
customized_merchandise,Other Services
dance_wear,Other Services
diagnostic_services,Other Services
digitizing_services,Other Services
display_home_center,Other Services
door_sales_service,Other Services
drinking_water_dispenser,Other Services
driving_range,Other Services
driving_school,Other Services
dumpster_rentals,Other Services
duplication_services,Other Services
e_commerce_service,Other Services
eatertainment,Other Services
elevator_service,Other Services
embroidery_and_crochet,Other Services
emergency_roadside_service,Other Services
escrow_services,Other Services
ev_charging_station,Other Services
event_technology_service,Other Services
exhibition_and_trade_center,Other Services
fabric_wholesaler,Other Services
family_service_center,Other Services
farm_equipment_and_supply,Other Services
farrier_services,Other Services
fashion,Other Services
fencing_club,Other Services
fire_protection_service,Other Services
fireplace_service,Other Services
firewood,Other Services
fishmonger,Other Services
fmcg_wholesaler,Other Services
footwear_wholesaler,Other Services
freight_and_cargo_service,Other Services
fruits_and_vegetables,Other Services
funeral_services_and_cemeteries,Other Services
furniture_wholesalers,Other Services
gemstone_and_mineral,Other Services
genealogists,Other Services
general_litigation,Other Services
geological_services,Other Services
glass_and_mirror_sales_service,Other Services
glass_blowing,Other Services
gold_buyer,Other Services
goldsmith,Other Services
greenhouses,Other Services
grilling_equipment,Other Services
grout_service,Other Services
gunsmith,Other Services
halfway_house,Other Services
hang_gliding_center,Other Services
high_gliding_center,Other Services
hockey_equipment,Other Services
holding_companies,Other Services
holiday_decorating,Other Services
holiday_rental_home,Other Services
home_decor,Other Services
home_security,Other Services
home_service,Other Services
horseback_riding_service,Other Services
hot_air_balloons_tour,Other Services
hot_tubs_and_pools,Other Services
house_sitting,Other Services
hydro_jetting,Other Services
immigration_assistance_services,Other Services
indoor_playcenter,Other Services
infectious_disease_specialist,Other Services
information_technology_company,Other Services
interlock_system,Other Services
international_business_and_trade_services,Other Services
inventory_control_service,Other Services
investing,Other Services
irrigation,Other Services
irrigation_companies,Other Services
jet_skis_rental,Other Services
junkyard,Other Services
kids_recreation_and_party,Other Services
kitchen_incubator,Other Services
knife_sharpening,Other Services
land_surveying,Other Services
laser_cutting_service_provider,Other Services
laundromat,Other Services
leather_goods,Other Services
lighting_fixtures_and_equipment,Other Services
linen,Other Services
lingerie_wholesaler,Other Services
logging_equipment_and_supplies,Other Services
logging_services,Other Services
lottery_ticket,Other Services
luggage_storage,Other Services
macarons,Other Services
machine_and_tool_rentals,Other Services
mailbox_center,Other Services
marble_and_granite_professionals,Other Services
marina,Other Services
meat_wholesaler,Other Services
memory_care,Other Services
merchandising_service,Other Services
misting_system_services,Other Services
mobile_phone_accessories,Other Services
mortuary_services,Other Services
motor_freight_trucking,Other Services
musical_instrument_services,Other Services
nanny_services,Other Services
nudist_clubs,Other Services
office_equipment,Other Services
officiating_services,Other Services
oil_refiners,Other Services
olive_oil,Other Services
onsen,Other Services
package_locker,Other Services
packing_services,Other Services
packing_supply,Other Services
paint_and_sip,Other Services
paint_your_own_pottery,Other Services
party_supply,Other Services
pedicab_service,Other Services
personal_care_service,Other Services
pets,Other Services
pharmaceutical_companies,Other Services
pharmaceutical_products_wholesaler,Other Services
phlebologist,Other Services
piano_services,Other Services
pier,Other Services
plasterer,Other Services
plaza,Other Services
pool_and_billiards,Other Services
pool_and_hot_tub_services,Other Services
pool_billiards,Other Services
pool_hall,Other Services
powder_coating_service,Other Services
private_investigation,Other Services
private_jet_charters,Other Services
private_tutor,Other Services
process_servers,Other Services
promotional_products_and_services,Other Services
props,Other Services
quarries,Other Services
quay,Other Services
racing_experience,Other Services
radio_and_television_commercials,Other Services
record_label,Other Services
refinishing_services,Other Services
reflexology,Other Services
registry_office,Other Services
rest_areas,Other Services
rest_stop,Other Services
road_structures_and_services,Other Services
roadside_assistance,Other Services
rv_and_boat_storage_facility,Other Services
rv_rentals,Other Services
rv_storage_facility,Other Services
safety_equipment,Other Services
salsa_club,Other Services
sandblasting_service,Other Services
scooter_rental,Other Services
secretarial_services,Other Services
security_services,Other Services
self_storage_facility,Other Services
shades_and_blinds,Other Services
shipping_center,Other Services
shipping_collection_services,Other Services
shoe_shining_service,Other Services
shredding_services,Other Services
shutters,Other Services
sign_making,Other Services
skyscraper,Other Services
smokehouse,Other Services
snorkeling_equipment_rental,Other Services
social_and_human_services,Other Services
social_club,Other Services
sommelier_service,Other Services
storage_facility,Other Services
street_vendor,Other Services
strip_club,Other Services
structure_and_geography,Other Services
stucco_services,Other Services
sugar_shack,Other Services
supernatural_reading,Other Services
surgical_center,Other Services
tabletop_games,Other Services
tea_wholesaler,Other Services
team_building_activity,Other Services
television_service_providers,Other Services
test_preparation,Other Services
ticket_sales,Other Services
tobacco_company,Other Services
tools_wholesaler,Other Services
tower,Other Services
tower_communication_service,Other Services
traffic_school,Other Services
trains,Other Services
translating_and_interpreting_services,Other Services
travel,Tourism & Attractions
travel_company,Tourism & Attractions
travel_services,Tourism & Attractions
trivia_host,Other Services
trusts,Other Services
tui_na,Other Services
tv_mounting,Other Services
typing_services,Other Services
video_and_video_game_rentals,Other Services
vitamins_and_supplements,Other Services
water_delivery,Other Services
water_purification_services,Other Services
weather_forecast_services,Other Services
weather_station,Other Services
wholesale_grocer,Other Services
wholesaler,Other Services
wills_trusts_and_probate,Other Services
wine_tasting_room,Food & Dining
wine_wholesaler,Other Services
wood_and_pulp,Other Services
writing_service,Other Services
ziplining_center,Other Services
atv_recreation_park,Parks & Natural Features
beach,Parks & Natural Features
beach_equipment_rentals,Professional Services
beer_garden,Food & Dining
canyon,Parks & Natural Features
cave,Parks & Natural Features
community_gardens,Parks & Natural Features
desert,Parks & Natural Features
dog_park,Parks & Natural Features
forest,Parks & Natural Features
forestry_service,Parks & Natural Features
holiday_park,Parks & Natural Features
home_and_garden,Home & Garden Services
hot_springs,Parks & Natural Features
hydroponic_gardening,Home & Garden Services
island,Parks & Natural Features
lake,Parks & Natural Features
mobile_home_park,Real Estate
mountain,Parks & Natural Features
national_park,Parks & Natural Features
natural_hot_springs,Parks & Natural Features
nature_reserve,Parks & Natural Features
nursery_and_gardening,Home & Garden Services
park,Parks & Natural Features
park_and_rides,Parks & Natural Features
playground,Parks & Natural Features
playground_equipment_supplier,Parks & Natural Features
river,Parks & Natural Features
sand_dune,Parks & Natural Features
spring_supplier,Manufacturing & Industrial
waterfall,Parks & Natural Features
wildlife_control,Parks & Natural Features
wildlife_sanctuary,Parks & Natural Features
engraving,Personal Services
gents_tailor,Personal Services
laundry_services,Personal Services
matchmaker,Personal Services
personal_assistant,Personal Services
personal_chef,Personal Services
sewing_and_alterations,Personal Services
valet_service,Personal Services
animal_hospital,Pet Services
adoption_services,Pet Services
animal_rescue_service,Pet Services
animal_shelter,Pet Services
carpet_installation,Construction & Contractors
dog_walkers,Pet Services
flyboarding_center,Other Services
flyboarding_rental,Other Services
homeless_shelter,Community & Social Services
pet_adoption,Pet Services
pet_boarding,Pet Services
pet_breeder,Pet Services
pet_cemetery_and_crematorium_services,Pet Services
pet_groomer,Pet Services
pet_photography,Pet Services
pet_services,Pet Services
pet_sitting,Pet Services
professional_services,Professional Services
accountant,Professional Services
acoustical_consultant,Professional Services
advertising_agency,Professional Services
agricultural_engineering_service,Professional Services
appellate_practice_lawyers,Professional Services
appraisal_services,Professional Services
architect,Professional Services
architectural_designer,Professional Services
architectural_tours,Professional Services
architecture,Professional Services
b2b_cleaning_and_waste_management,Professional Services
bankruptcy_law,Professional Services
bookkeeper,Professional Services
business_advertising,Professional Services
business_consulting,Professional Services
business_law,Professional Services
business_management_services,Professional Services
business_records_storage_and_management,Professional Services
civil_engineers,Professional Services
civil_rights_lawyers,Professional Services
construction_management,Professional Services
consultant_and_general_service,Professional Services
contract_law,Professional Services
criminal_defense_law,Professional Services
direct_mail_advertising,Professional Services
disability_law,Professional Services
divorce_and_family_law,Professional Services
dui_law,Professional Services
editorial_services,Professional Services
employment_agencies,Professional Services
employment_law,Professional Services
energy_management_and_conservation_consultants,Professional Services
engineering_services,Professional Services
estate_planning_law,Professional Services
executive_search_consultants,Professional Services
exterior_design,Professional Services
financial_advising,Professional Services
financial_service,Professional Services
floral_designer,Professional Services
forestry_consultants,Professional Services
graphic_designer,Professional Services
human_resource_services,Professional Services
image_consultant,Professional Services
immigration_law,Professional Services
instrumentation_engineers,Professional Services
interior_design,Professional Services
ip_and_internet_law,Professional Services
it_consultant,Professional Services
landscape_architect,Professional Services
law_enforcement,Professional Services
lawn_service,Professional Services
lawyer,Professional Services
legal_services,Professional Services
manufacturing_and_industrial_consultant,Professional Services
mediator,Professional Services
outdoor_advertising,Professional Services
paralegal_services,Professional Services
patent_law,Professional Services
personal_injury_law,Professional Services
photographer,Professional Services
product_design,Professional Services
property_management,Professional Services
real_estate_law,Professional Services
social_security_law,Professional Services
stress_management_services,Healthcare & Medical
structural_engineer,Professional Services
tax_law,Professional Services
tax_services,Professional Services
temp_agency,Professional Services
tenant_and_eviction_law,Professional Services
traffic_ticketing_law,Professional Services
transcription_services,Professional Services
translation_services,Professional Services
unemployment_office,Professional Services
videographer,Professional Services
web_designer,Professional Services
workers_compensation_law,Professional Services
commercial_real_estate,Real Estate
home_developer,Real Estate
home_inspector,Real Estate
home_staging,Real Estate
real_estate,Real Estate
real_estate_agent,Real Estate
real_estate_photography,Real Estate
real_estate_service,Real Estate
anglican_church,Religious & Spiritual
astrologer,Religious & Spiritual
baptist_church,Religious & Spiritual
buddhist_temple,Religious & Spiritual
catholic_church,Religious & Spiritual
church_cathedral,Religious & Spiritual
convents_and_monasteries,Religious & Spiritual
episcopal_church,Religious & Spiritual
evangelical_church,Religious & Spiritual
hindu_temple,Religious & Spiritual
jehovahs_witness_kingdom_hall,Religious & Spiritual
meditation_center,Religious & Spiritual
mission,Religious & Spiritual
mosque,Religious & Spiritual
mystic,Religious & Spiritual
pentecostal_church,Religious & Spiritual
psychic,Religious & Spiritual
psychic_medium,Religious & Spiritual
religious_destination,Religious & Spiritual
religious_items,Religious & Spiritual
religious_organization,Religious & Spiritual
sikh_temple,Religious & Spiritual
synagogue,Religious & Spiritual
temple,Religious & Spiritual
wedding_chapel,Religious & Spiritual
golf_equipment,Retail & Shopping
academic_bookstore,Retail & Shopping
adult_store,Retail & Shopping
agricultural_seed_store,Retail & Shopping
antique_store,Retail & Shopping
appliance_store,Retail & Shopping
aquatic_pet_store,Retail & Shopping
archery_shop,Retail & Shopping
army_and_navy_store,Retail & Shopping
art_supply_store,Retail & Shopping
asian_grocery_store,Retail & Shopping
audio_visual_equipment_store,Retail & Shopping
auto_body_shop,Automotive
auto_parts_and_supply_store,Retail & Shopping
avionics_shop,Retail & Shopping
b2b_apparel,Business-to-Business
bathroom_fixture_stores,Retail & Shopping
battery_store,Retail & Shopping
bedding_and_bath_stores,Retail & Shopping
beverage_store,Retail & Shopping
bicycle_shop,Retail & Shopping
bird_shop,Retail & Shopping
boat_parts_and_supply_store,Retail & Shopping
bookstore,Retail & Shopping
boutique,Retail & Shopping
brewing_supply_store,Retail & Shopping
bridal_shop,Retail & Shopping
building_supply_store,Retail & Shopping
candle_store,Retail & Shopping
cannabis_dispensary,Retail & Shopping
car_stereo_store,Retail & Shopping
cards_and_stationery_store,Retail & Shopping
carpet_store,Retail & Shopping
ceremonial_clothing,Retail & Shopping
childrens_clothing_store,Retail & Shopping
clothing_company,Retail & Shopping
clothing_rental,Retail & Shopping
clothing_store,Retail & Shopping
comic_books_store,Retail & Shopping
computer_store,Retail & Shopping
convenience_store,Retail & Shopping
costume_store,Retail & Shopping
craft_shop,Retail & Shopping
custom_cakes_shop,Retail & Shopping
custom_clothing,Retail & Shopping
custom_t_shirt_store,Retail & Shopping
dairy_stores,Retail & Shopping
denim_wear_store,Retail & Shopping
department_store,Retail & Shopping
designer_clothing,Retail & Shopping
discount_store,Retail & Shopping
dive_shop,Retail & Shopping
diy_auto_shop,Retail & Shopping
do_it_yourself_store,Retail & Shopping
drone_store,Retail & Shopping
drugstore,Retail & Shopping
duty_free_shop,Retail & Shopping
e_cigarette_store,Retail & Shopping
educational_supply_store,Retail & Shopping
electrical_supply_store,Retail & Shopping
electronics,Retail & Shopping
electronics_repair_shop,Retail & Shopping
ethical_grocery,Retail & Shopping
eyewear_and_optician,Retail & Shopping
fabric_store,Retail & Shopping
farmers_market,Retail & Shopping
farming_equipment_store,Retail & Shopping
fashion_accessories_store,Retail & Shopping
fertilizer_store,Retail & Shopping
firework_retailer,Retail & Shopping
flea_market,Retail & Shopping
flooring_store,Retail & Shopping
flower_markets,Retail & Shopping
flowers_and_gifts_shop,Retail & Shopping
formal_wear_store,Retail & Shopping
framing_store,Retail & Shopping
fur_clothing,Retail & Shopping
furniture_accessory_store,Retail & Shopping
furniture_store,Retail & Shopping
gift_shop,Retail & Shopping
grocery_store,Retail & Shopping
guitar_store,Retail & Shopping
gun_and_ammo,Retail & Shopping
hair_supply_stores,Retail & Shopping
handbag_stores,Retail & Shopping
handicraft_shop,Retail & Shopping
hardware_store,Retail & Shopping
hat_shop,Retail & Shopping
herb_and_spice_shop,Retail & Shopping
herbal_shop,Retail & Shopping
hobby_shop,Retail & Shopping
home_goods_store,Retail & Shopping
home_improvement_store,Retail & Shopping
home_theater_systems_stores,Retail & Shopping
honey_farm_shop,Retail & Shopping
horse_equipment_shop,Retail & Shopping
indian_grocery_store,Retail & Shopping
indian_sweets_shop,Retail & Shopping
international_grocery_store,Retail & Shopping
internet_marketing_service,Retail & Shopping
iron_and_steel_store,Retail & Shopping
japanese_confectionery_shop,Retail & Shopping
japanese_grocery_store,Retail & Shopping
jewelry_store,Retail & Shopping
kiosk,Retail & Shopping
kitchen_supply_store,Retail & Shopping
knitting_supply,Retail & Shopping
korean_grocery_store,Retail & Shopping
kosher_grocery_store,Retail & Shopping
lawn_mower_store,Retail & Shopping
lighting_store,Retail & Shopping
lingerie_store,Retail & Shopping
liquor_store,Retail & Shopping
livestock_feed_and_supply_store,Retail & Shopping
luggage_store,Retail & Shopping
lumber_store,Retail & Shopping
machine_shop,Retail & Shopping
marketing_agency,Professional Services
marketing_consultant,Professional Services
mattress_store,Retail & Shopping
mens_clothing_store,Retail & Shopping
mexican_grocery_store,Retail & Shopping
military_surplus_store,Retail & Shopping
mobile_phone_store,Retail & Shopping
motorsports_store,Retail & Shopping
music_and_dvd_store,Retail & Shopping
musical_instrument_store,Retail & Shopping
newspaper_and_magazines_store,Retail & Shopping
night_market,Retail & Shopping
online_shop,Retail & Shopping
optical_wholesaler,Retail & Shopping
organic_grocery_store,Retail & Shopping
orthopedic_shoe_store,Retail & Shopping
outdoor_furniture_store,Retail & Shopping
outdoor_gear,Retail & Shopping
outlet_store,Retail & Shopping
paint_store,Retail & Shopping
pawn_shop,Retail & Shopping
pen_store,Retail & Shopping
perfume_store,Retail & Shopping
personal_shopper,Retail & Shopping
pet_store,Retail & Shopping
photography_store_and_services,Retail & Shopping
piano_store,Retail & Shopping
plastic_injection_molding_workshop,Manufacturing & Industrial
plus_size_clothing,Retail & Shopping
pop_up_shop,Retail & Shopping
rental_kiosks,Retail & Shopping
reptile_shop,Retail & Shopping
retail,Retail & Shopping
rug_store,Retail & Shopping
russian_grocery_store,Retail & Shopping
safe_store,Retail & Shopping
shoe_store,Retail & Shopping
shopping,Retail & Shopping
shopping_center,Retail & Shopping
skate_shop,Retail & Shopping
ski_and_snowboard_shop,Retail & Shopping
souvenir_shop,Retail & Shopping
specialty_grocery_store,Retail & Shopping
spiritual_shop,Retail & Shopping
sporting_goods,Retail & Shopping
sunglasses_store,Retail & Shopping
supermarket,Retail & Shopping
superstore,Retail & Shopping
surf_shop,Retail & Shopping
swimwear_store,Retail & Shopping
t_shirt_store,Retail & Shopping
telemarketing_services,Professional Services
threads_and_yarns_wholesaler,Retail & Shopping
thrift_store,Retail & Shopping
tile_store,Retail & Shopping
tire_repair_shop,Retail & Shopping
tire_shop,Retail & Shopping
tobacco_shop,Retail & Shopping
toy_store,Retail & Shopping
traditional_clothing,Retail & Shopping
trophy_shop,Retail & Shopping
uniform_store,Retail & Shopping
used_bookstore,Retail & Shopping
used_vintage_and_consignment,Retail & Shopping
video_game_store,Retail & Shopping
vinyl_record_store,Retail & Shopping
wallpaper_store,Retail & Shopping
watch_store,Retail & Shopping
water_store,Retail & Shopping
welding_supply_store,Retail & Shopping
wholesale_store,Retail & Shopping
wig_store,Retail & Shopping
window_treatment_store,Retail & Shopping
womens_clothing_store,Retail & Shopping
woodworking_supply_store,Retail & Shopping
adventure_sports_center,Sports & Recreation
aerial_tours,Sports & Recreation
airsoft_fields,Sports & Recreation
amateur_sports_league,Sports & Recreation
amateur_sports_team,Sports & Recreation
archery_range,Sports & Recreation
axe_throwing,Sports & Recreation
badminton_court,Sports & Recreation
baseball_field,Sports & Recreation
baseball_stadium,Sports & Recreation
basketball_court,Sports & Recreation
basketball_stadium,Sports & Recreation
batting_cage,Sports & Recreation
beach_volleyball_court,Sports & Recreation
bocce_ball_court,Sports & Recreation
bounce_house_rental,Sports & Recreation
bowling_alley,Sports & Recreation
bubble_soccer_field,Sports & Recreation
canoe_and_kayak_hire_service,Sports & Recreation
climbing_class,Sports & Recreation
climbing_service,Sports & Recreation
court_reporter,Sports & Recreation
courthouse,Sports & Recreation
cricket_ground,Sports & Recreation
disc_golf_course,Sports & Recreation
diving_center,Sports & Recreation
equestrian_facility,Sports & Recreation
esports_league,Sports & Recreation
esports_team,Sports & Recreation
fishing_charter,Sports & Recreation
fishing_club,Sports & Recreation
football_club,Sports & Recreation
football_stadium,Sports & Recreation
free_diving_center,Sports & Recreation
go_kart_club,Sports & Recreation
go_kart_track,Sports & Recreation
golf_cart_rental,Sports & Recreation
golf_club,Sports & Recreation
golf_course,Sports & Recreation
golf_instructor,Sports & Recreation
handball_court,Sports & Recreation
hiking_trail,Sports & Recreation
hockey_arena,Sports & Recreation
hockey_field,Sports & Recreation
horse_boarding,Sports & Recreation
horse_racing_track,Sports & Recreation
horse_riding,Sports & Recreation
hunting_and_fishing_supplies,Sports & Recreation
ice_skating_rink,Sports & Recreation
indoor_golf_center,Sports & Recreation
kiteboarding,Sports & Recreation
kiteboarding_instruction,Sports & Recreation
laser_tag,Sports & Recreation
miniature_golf_course,Sports & Recreation
mountain_bike_parks,Sports & Recreation
mountain_bike_trails,Sports & Recreation
paddle_tennis_club,Sports & Recreation
paddleboard_rental,Sports & Recreation
paddleboarding_center,Sports & Recreation
paintball,Sports & Recreation
parasailing_ride_service,Sports & Recreation
professional_sports_league,Sports & Recreation
professional_sports_team,Sports & Recreation
race_track,Sports & Recreation
racquetball_court,Sports & Recreation
rafting_kayaking_area,Sports & Recreation
rock_climbing_instructor,Sports & Recreation
rock_climbing_spot,Sports & Recreation
roller_skating_rink,Sports & Recreation
rowing_club,Sports & Recreation
rugby_pitch,Sports & Recreation
rugby_stadium,Sports & Recreation
sailing_area,Sports & Recreation
sailing_club,Sports & Recreation
school_sports_league,Sports & Recreation
school_sports_team,Sports & Recreation
scuba_diving_center,Sports & Recreation
scuba_diving_instruction,Sports & Recreation
shooting_range,Sports & Recreation
skate_park,Sports & Recreation
skating_rink,Sports & Recreation
ski_and_snowboard_school,Sports & Recreation
ski_area,Sports & Recreation
ski_resort,Sports & Recreation
sky_diving,Sports & Recreation
sledding_rental,Sports & Recreation
snorkeling,Sports & Recreation
soccer_club,Sports & Recreation
soccer_field,Sports & Recreation
soccer_stadium,Sports & Recreation
sports_and_recreation_venue,Sports & Recreation
sports_club_and_league,Sports & Recreation
sports_school,Sports & Recreation
sports_wear,Sports & Recreation
squash_court,Sports & Recreation
stadium_arena,Sports & Recreation
surfboard_rental,Sports & Recreation
surfing,Sports & Recreation
surfing_school,Sports & Recreation
swimming_pool,Sports & Recreation
table_tennis_club,Sports & Recreation
tennis_court,Sports & Recreation
tennis_stadium,Sports & Recreation
track_stadium,Sports & Recreation
trail,Sports & Recreation
trailer_rentals,Sports & Recreation
trampoline_park,Sports & Recreation
tubing_provider,Sports & Recreation
volleyball_club,Sports & Recreation
volleyball_court,Sports & Recreation
wildlife_hunting_range,Sports & Recreation
biotechnology_company,Technology & IT
credit_and_debt_counseling,Technology & IT
data_recovery,Technology & IT
home_network_installation,Technology & IT
software_development,Technology & IT
web_hosting_service,Technology & IT
travel_agents,Tourism & Attractions
attraction_farm,Tourism & Attractions
attractions_and_activities,Tourism & Attractions
atv_rentals_and_tours,Tourism & Attractions
beer_tours,Tourism & Attractions
bike_tours,Tourism & Attractions
boat_tours,Tourism & Attractions
bus_tours,Tourism & Attractions
castle,Tourism & Attractions
fort,Tourism & Attractions
fountain,Tourism & Attractions
historical_tours,Tourism & Attractions
landmark_and_historical_building,Tourism & Attractions
lighthouse,Tourism & Attractions
lookout,Tourism & Attractions
memorial_park,Tourism & Attractions
monument,Tourism & Attractions
palace,Tourism & Attractions
scooter_tours,Tourism & Attractions
sculpture_statue,Tourism & Attractions
tours,Tourism & Attractions
visitor_center,Tourism & Attractions
walking_tours,Tourism & Attractions
whale_watching_tours,Tourism & Attractions
wine_tours,Tourism & Attractions
coach_bus,Transportation
bus_service,Transportation
airline,Transportation
airlines,Transportation
airport,Transportation
airport_shuttles,Transportation
airport_terminal,Transportation
balloon_ports,Transportation
bike_parking,Transportation
bus_station,Transportation
business_storage_and_transportation,Transportation
disability_services_and_support_organization,Transportation
exporters,Transportation
ferry_boat_company,Transportation
ferry_service,Transportation
gliderports,Transportation
heliports,Transportation
importer_and_exporter,Transportation
importers,Transportation
it_support_and_service,Technology & IT
light_rail_and_subway_stations,Transportation
limo_services,Transportation
major_airports,Transportation
metro_station,Transportation
parking,Transportation
pet_transportation,Transportation
railroad_freight,Transportation
railway_service,Transportation
railway_ticket_agent,Transportation
ride_sharing,Transportation
seaplane_bases,Transportation
sport_equipment_rentals,Transportation
taxi_service,Transportation
taxidermist,Transportation
train_station,Transportation
transport_interchange,Transportation
transportation,Transportation
b2b_energy_and_mining,Utilities & Infrastructure
bridge,Utilities & Infrastructure
dam,Utilities & Infrastructure
electric_utility_provider,Utilities & Infrastructure
electrical_wholesaler,Utilities & Infrastructure
electricity_supplier,Utilities & Infrastructure
energy_company,Utilities & Infrastructure
energy_equipment_and_solution,Utilities & Infrastructure
garbage_collection_service,Utilities & Infrastructure
hazardous_waste_disposal,Utilities & Infrastructure
home_energy_auditor,Utilities & Infrastructure
internet_service_provider,Utilities & Infrastructure
pet_waste_removal,Pet Services
pipeline_transportation,Utilities & Infrastructure
power_plants_and_power_plant_service,Utilities & Infrastructure
recycling_center,Utilities & Infrastructure
telecommunications,Utilities & Infrastructure
telecommunications_company,Utilities & Infrastructure
telephone_services,Utilities & Infrastructure
toll_stations,Utilities & Infrastructure
utility_service,Utilities & Infrastructure
water_supplier,Utilities & Infrastructure
wind_energy,Utilities & Infrastructure
